Actual,Predicted,Error,AbsoluteError
707.5,737.1862776496705,-29.6862776496705,29.6862776496705
402.5,401.1034954997173,1.3965045002826741,1.3965045002826741
315.0,336.4604766020902,-21.460476602090182,21.460476602090182
402.5,411.3447461264927,-8.84474612649268,8.84474612649268
445.0,423.02233270703283,21.97766729296717,21.97766729296717
395.0,340.80061290140907,54.19938709859093,54.19938709859093
555.0,569.9869863818583,-14.986986381858287,14.986986381858287
247.5,274.4603706703296,-26.96037067032961,26.96037067032961
555.0,590.028885506066,-35.02888550606599,35.02888550606599
865.0,837.4222507149884,27.577749285011578,27.577749285011578
487.5,521.0343666063828,-33.53436660638283,33.53436660638283
727.5,703.0117837255411,24.488216274458864,24.488216274458864
760.0,844.0279431070022,-84.02794310700222,84.02794310700222
722.5,748.3489404188609,-25.848940418860934,25.848940418860934
670.0,663.312641170224,6.687358829776031,6.687358829776031
710.0,701.9674215795474,8.032578420452637,8.032578420452637
615.0,636.0999424250351,-21.099942425035124,21.099942425035124
615.0,604.0389612322173,10.961038767782725,10.961038767782725
382.5,357.0009278223796,25.499072177620405,25.499072177620405
247.5,276.4813856625079,-28.981385662507876,28.981385662507876
700.0,578.6965977811805,121.30340221881954,121.30340221881954
185.0,298.41918713801067,-113.41918713801067,113.41918713801067
402.5,416.47083517704084,-13.97083517704084,13.97083517704084
397.5,450.72145067869644,-53.22145067869644,53.22145067869644
575.0,562.0235509183244,12.976449081675582,12.976449081675582
570.0,493.0438233741048,76.95617662589518,76.95617662589518
250.0,312.1802680858798,-62.18026808587979,62.18026808587979
630.0,656.7937164241455,-26.793716424145487,26.793716424145487
585.0,708.8977666956999,-123.89776669569994,123.89776669569994
340.0,360.87856118082294,-20.878561180822942,20.878561180822942
382.5,361.4410344611984,21.0589655388016,21.0589655388016
267.5,265.29973783268224,2.20026216731776,2.20026216731776
360.0,394.197427342757,-34.19742734275701,34.19742734275701
762.5,772.7378019052369,-10.237801905236893,10.237801905236893
287.5,241.92700879418905,45.57299120581095,45.57299120581095
550.0,472.7717678364293,77.22823216357068,77.22823216357068
290.0,301.8126340444648,-11.8126340444648,11.8126340444648
582.5,517.7498523795063,64.75014762049375,64.75014762049375
695.0,661.605670622982,33.39432937701804,33.39432937701804
657.5,612.8513339566483,44.64866604335168,44.64866604335168
295.0,365.28144668140027,-70.28144668140027,70.28144668140027
290.0,275.22082058291574,14.779179417084265,14.779179417084265
302.5,331.2250340805616,-28.725034080561613,28.725034080561613
650.0,644.727570219747,5.272429780252992,5.272429780252992
402.5,333.7118207734739,68.7881792265261,68.7881792265261
590.0,569.3043279994249,20.695672000575087,20.695672000575087
320.0,338.6887617392116,-18.6887617392116,18.6887617392116
247.5,298.32098294288846,-50.82098294288846,50.82098294288846
485.0,458.84634956421127,26.153650435788734,26.153650435788734
685.0,705.6660997576639,-20.666099757663915,20.666099757663915
327.5,359.0668212425051,-31.566821242505114,31.566821242505114
307.5,311.79798487110617,-4.297984871106166,4.297984871106166
702.5,664.1411351918487,38.35886480815134,38.35886480815134
500.0,476.62435868618087,23.37564131381913,23.37564131381913
720.0,634.8801389803189,85.11986101968114,85.11986101968114
237.5,242.5345470653606,-5.034547065360613,5.034547065360613
425.0,476.30033344961566,-51.300333449615664,51.300333449615664
805.0,821.5681036852146,-16.568103685214624,16.568103685214624
315.0,366.917247635237,-51.917247635237004,51.917247635237004
320.0,424.5774339464371,-104.57743394643711,104.57743394643711
375.0,405.18148211837513,-30.18148211837513,30.18148211837513
402.5,400.03370101519096,2.4662989848090433,2.4662989848090433
730.0,779.6978933507909,-49.69789335079088,49.69789335079088
525.0,481.56127087845044,43.43872912154956,43.43872912154956
795.0,737.4446998531181,57.555300146881905,57.555300146881905
385.0,367.53788001558723,17.462119984412766,17.462119984412766
650.0,686.857790980962,-36.85779098096202,36.85779098096202
370.0,352.45882339258685,17.54117660741315,17.54117660741315
605.0,627.8436050566214,-22.843605056621413,22.843605056621413
405.0,491.3214652235535,-86.3214652235535,86.3214652235535
900.0,816.9288592413243,83.07114075867571,83.07114075867571
890.0,783.1073257033675,106.89267429663255,106.89267429663255
335.0,378.03258010525525,-43.03258010525525,43.03258010525525
667.5,677.8683285819535,-10.368328581953506,10.368328581953506
452.5,442.59061037133654,9.909389628663462,9.909389628663462
315.0,325.369915429432,-10.369915429432012,10.369915429432012
207.5,211.46428309983807,-3.9642830998380703,3.9642830998380703
192.5,198.66710420688963,-6.167104206889633,6.167104206889633
392.5,379.9508305227429,12.549169477257124,12.549169477257124
707.5,608.3892959735206,99.11070402647943,99.11070402647943
615.0,619.1695730971612,-4.169573097161219,4.169573097161219
437.5,428.54748516055395,8.952514839446053,8.952514839446053
685.0,634.0022660613114,50.99773393868861,50.99773393868861
632.5,649.1788054007011,-16.678805400701094,16.678805400701094
417.5,480.7440309551608,-63.24403095516078,63.24403095516078
717.5,620.5185433563796,96.98145664362039,96.98145664362039
582.5,565.5553750865065,16.9446249134935,16.9446249134935
500.0,514.9040025727803,-14.904002572780314,14.904002572780314
290.0,336.3018651028623,-46.30186510286228,46.30186510286228
565.0,553.0902584656998,11.909741534300224,11.909741534300224
600.0,625.213287671676,-25.21328767167597,25.21328767167597
250.0,250.41785782964948,-0.4178578296494777,0.4178578296494777
732.5,690.9366017886954,41.563398211304616,41.563398211304616
540.0,464.3213347896466,75.67866521035342,75.67866521035342
222.5,221.8504319172584,0.6495680827416095,0.6495680827416095
580.0,598.0648792610781,-18.06487926107809,18.06487926107809
425.5,408.51609501710084,16.983904982899162,16.983904982899162
365.0,378.909393878458,-13.90939387845799,13.90939387845799
550.0,561.8601997520716,-11.860199752071594,11.860199752071594
260.0,337.84667488099024,-77.84667488099024,77.84667488099024
440.0,317.9404488467318,122.05955115326822,122.05955115326822
520.0,452.07580872118046,67.92419127881954,67.92419127881954
600.0,549.932629440719,50.06737055928102,50.06737055928102
735.0,745.4431501509588,-10.443150150958786,10.443150150958786
430.0,598.9189898834691,-168.91898988346907,168.91898988346907
260.0,245.96121504429425,14.03878495570575,14.03878495570575
725.0,695.6304999428698,29.369500057130153,29.369500057130153
545.0,579.00550624921,-34.00550624921004,34.00550624921004
787.5,731.0863431036398,56.41365689636018,56.41365689636018
297.5,283.9332814579455,13.566718542054502,13.566718542054502
797.5,806.804857043741,-9.30485704374098,9.30485704374098
1102.5,1059.1298594639861,43.37014053601388,43.37014053601388
700.0,593.2205497490924,106.77945025090764,106.77945025090764
240.0,213.26407910240312,26.735920897596884,26.735920897596884
612.5,599.5973374783501,12.902662521649859,12.902662521649859
377.5,395.957605525659,-18.457605525659005,18.457605525659005
695.0,679.7385929859721,15.261407014027895,15.261407014027895
452.5,378.14705687056403,74.35294312943597,74.35294312943597
510.0,576.8557320917597,-66.8557320917597,66.8557320917597
527.5,559.8968413470592,-32.396841347059194,32.396841347059194
402.5,473.20511378857,-70.70511378856997,70.70511378856997
315.0,399.9587220340838,-84.95872203408379,84.95872203408379
525.0,526.8020588482854,-1.8020588482853555,1.8020588482853555
100.0,113.75093699193326,-13.750936991933258,13.750936991933258
380.0,322.97567805261406,57.02432194738594,57.02432194738594
460.0,371.6911321640273,88.3088678359727,88.3088678359727
255.0,254.0821062771787,0.9178937228213044,0.9178937228213044
380.0,319.5406977448693,60.459302255130694,60.459302255130694
725.0,732.648697470009,-7.648697470008983,7.648697470008983
290.0,275.0367586536516,14.963241346348411,14.963241346348411
620.0,610.7267574883898,9.273242511610192,9.273242511610192
640.0,591.3714620204955,48.62853797950447,48.62853797950447
200.0,198.73941815197537,1.2605818480246285,1.2605818480246285
295.0,344.8194455488461,-49.81944554884609,49.81944554884609
667.5,621.2667865498037,46.23321345019633,46.23321345019633
460.0,544.4336922787462,-84.43369227874621,84.43369227874621
552.5,627.4483133671472,-74.9483133671472,74.9483133671472
407.5,443.3826504352706,-35.88265043527059,35.88265043527059
470.0,469.3430315157959,0.6569684842041283,0.6569684842041283
587.5,593.1461751027236,-5.646175102723646,5.646175102723646
617.5,655.3381333107938,-37.83813331079375,37.83813331079375
575.0,610.0396448132117,-35.03964481321168,35.03964481321168
187.5,199.3952499287507,-11.895249928750701,11.895249928750701
297.5,320.4335821133975,-22.933582113397506,22.933582113397506
425.0,496.1367939787078,-71.13679397870777,71.13679397870777
497.5,433.52607334173246,63.973926658267544,63.973926658267544
538.0,665.4298320624214,-127.42983206242138,127.42983206242138
610.0,622.1812578412897,-12.181257841289721,12.181257841289721
625.0,610.2906437993682,14.70935620063176,14.70935620063176
365.0,441.0323037172489,-76.03230371724891,76.03230371724891
367.5,392.7983852936481,-25.298385293648096,25.298385293648096
380.0,361.6770761555563,18.32292384444372,18.32292384444372
510.0,570.0460712593723,-60.0460712593723,60.0460712593723
530.0,532.6671695547551,-2.6671695547551053,2.6671695547551053
500.0,274.29104557953286,225.70895442046714,225.70895442046714
617.5,608.1845327953528,9.315467204647234,9.315467204647234
272.5,281.176670224215,-8.676670224215002,8.676670224215002
315.0,329.6457863684817,-14.645786368481708,14.645786368481708
362.5,358.87682389281616,3.6231761071838378,3.6231761071838378
665.0,663.1592112362653,1.8407887637347358,1.8407887637347358
472.5,499.97700175496993,-27.477001754969933,27.477001754969933
435.0,392.35458917694257,42.64541082305743,42.64541082305743
607.5,560.5867909063707,46.91320909362935,46.91320909362935
240.0,247.54385441907806,-7.543854419078059,7.543854419078059
517.5,441.9151752938567,75.58482470614331,75.58482470614331
695.0,726.451035658222,-31.451035658222054,31.451035658222054
315.0,361.7831826439172,-46.7831826439172,46.7831826439172
440.0,489.5710888643938,-49.5710888643938,49.5710888643938
462.5,434.1788688114471,28.321131188552897,28.321131188552897
655.0,686.681271019571,-31.681271019571,31.681271019571
217.5,209.4158936227348,8.084106377265186,8.084106377265186
302.5,274.7076240503405,27.792375949659515,27.792375949659515
433.0,459.8009254948357,-26.800925494835724,26.800925494835724
635.0,601.1027086537237,33.89729134627635,33.89729134627635
657.5,664.2984812037174,-6.798481203717415,6.798481203717415
627.5,740.1794455655627,-112.67944556556267,112.67944556556267
460.0,482.15635133724624,-22.156351337246235,22.156351337246235
457.5,436.43140156064004,21.06859843935996,21.06859843935996
625.0,569.9610674870754,55.03893251292459,55.03893251292459
247.5,276.6269052230657,-29.126905223065705,29.126905223065705
380.0,436.21109708404987,-56.21109708404987,56.21109708404987
352.5,392.24420840180636,-39.74420840180636,39.74420840180636
562.5,524.6138599881191,37.88614001188091,37.88614001188091
265.0,290.87021457690446,-25.87021457690446,25.87021457690446
495.0,548.9039384119421,-53.903938411942136,53.903938411942136
432.5,399.3665528684382,33.13344713156181,33.13344713156181
760.0,805.1828362235627,-45.18283622356273,45.18283622356273
550.0,485.85300591199,64.14699408800999,64.14699408800999
422.5,430.72253094406756,-8.222530944067557,8.222530944067557
465.0,440.35286177878953,24.64713822121047,24.64713822121047
232.5,234.91217466188422,-2.4121746618842224,2.4121746618842224
605.0,606.5418955749964,-1.5418955749963743,1.5418955749963743
622.5,531.2397029405503,91.26029705944973,91.26029705944973
310.0,323.66421645002856,-13.664216450028562,13.664216450028562
265.0,287.34551168322923,-22.345511683229233,22.345511683229233
355.0,342.25765969462867,12.742340305371329,12.742340305371329
322.5,306.981646089301,15.518353910698977,15.518353910698977
290.0,295.6335331249993,-5.633533124999303,5.633533124999303
265.0,304.8938297600984,-39.89382976009841,39.89382976009841
617.5,595.6377714152383,21.862228584761738,21.862228584761738
490.0,558.2871729189155,-68.28717291891553,68.28717291891553
875.0,853.2246118178991,21.77538818210087,21.77538818210087
332.5,354.0416534741837,-21.541653474183704,21.541653474183704
425.0,392.637108307718,32.362891692282005,32.362891692282005
540.0,563.9707611456209,-23.97076114562094,23.97076114562094
182.5,235.01793604139058,-52.517936041390584,52.517936041390584
452.5,409.53048608400724,42.96951391599276,42.96951391599276
402.5,371.9930199274283,30.506980072571707,30.506980072571707
535.0,568.8128670059496,-33.812867005949556,33.812867005949556
300.0,353.28259905163634,-53.28259905163634,53.28259905163634
437.5,534.3166374086961,-96.81663740869612,96.81663740869612
710.0,725.834462302851,-15.834462302850966,15.834462302850966
441.0,441.3986415434925,-0.3986415434924879,0.3986415434924879
675.0,763.8194820651269,-88.81948206512686,88.81948206512686
230.0,265.1592868846693,-35.159286884669314,35.159286884669314
455.0,510.3318730632657,-55.331873063265675,55.331873063265675
262.5,297.31406539744444,-34.81406539744444,34.81406539744444
405.0,420.1261878969614,-15.126187896961426,15.126187896961426
335.0,366.61972151628623,-31.619721516286234,31.619721516286234
390.0,394.22006589344073,-4.220065893440733,4.220065893440733
350.0,365.57621852904754,-15.576218529047537,15.576218529047537
915.0,812.8982749908454,102.10172500915462,102.10172500915462
645.0,637.9311351770291,7.068864822970909,7.068864822970909
630.0,578.6300026291615,51.36999737083852,51.36999737083852
480.0,506.2203048884456,-26.220304888445582,26.220304888445582
700.0,627.776308593634,72.22369140636602,72.22369140636602
405.0,389.4001604488247,15.599839551175307,15.599839551175307
527.5,532.7750848528482,-5.275084852848181,5.275084852848181
690.0,588.9521693844005,101.04783061559954,101.04783061559954
295.0,278.2267997050354,16.773200294964624,16.773200294964624
560.0,627.9179473704344,-67.91794737043438,67.91794737043438
775.0,747.9317862960451,27.06821370395494,27.06821370395494
417.5,367.4375796183916,50.062420381608376,50.062420381608376
237.5,414.4711684910798,-176.97116849107982,176.97116849107982
275.0,335.0047515792434,-60.00475157924342,60.00475157924342
722.5,734.5117461481584,-12.011746148158409,12.011746148158409
520.0,399.206488066928,120.79351193307201,120.79351193307201
320.0,291.8123867775808,28.187613222419202,28.187613222419202
512.5,554.051124487143,-41.551124487143056,41.551124487143056
412.5,409.513366294312,2.986633705688007,2.986633705688007
527.5,553.391750128709,-25.891750128708964,25.891750128708964
467.5,478.7160399964745,-11.216039996474478,11.216039996474478
430.0,408.9280343836219,21.071965616378122,21.071965616378122
662.5,633.0356917147333,29.464308285266725,29.464308285266725
310.0,276.3104894836707,33.68951051632928,33.68951051632928
545.0,542.5864854586988,2.413514541301197,2.413514541301197
387.5,325.9651769780914,61.53482302190861,61.53482302190861
342.5,282.464170898942,60.03582910105803,60.03582910105803
545.0,569.8144194619149,-24.814419461914895,24.814419461914895
402.5,435.92748695276447,-33.42748695276447,33.42748695276447
260.0,289.00856895853644,-29.008568958536443,29.008568958536443
370.0,345.8682766241678,24.131723375832223,24.131723375832223
730.0,675.2388746238643,54.76112537613574,54.76112537613574
675.0,589.3348260394888,85.6651739605112,85.6651739605112
470.0,385.04017642420393,84.95982357579607,84.95982357579607
492.5,411.7472078528771,80.75279214712288,80.75279214712288
307.5,350.6719021255407,-43.171902125540726,43.171902125540726
700.0,668.4561239301697,31.543876069830276,31.543876069830276
242.5,242.50593941134707,-0.005939411347071655,0.005939411347071655
227.5,233.89437428256926,-6.3943742825692595,6.3943742825692595
277.5,369.26667374207244,-91.76667374207244,91.76667374207244
687.5,597.4878983018825,90.01210169811748,90.01210169811748
392.5,403.09369426319734,-10.593694263197335,10.593694263197335
707.5,669.007854106277,38.49214589372298,38.49214589372298
210.0,248.60614906269373,-38.60614906269373,38.60614906269373
295.0,297.50461681097306,-2.5046168109730615,2.5046168109730615
390.0,398.0148027000548,-8.014802700054815,8.014802700054815
257.5,254.62158486678726,2.878415133212741,2.878415133212741
847.5,794.8569258238125,52.6430741761875,52.6430741761875
340.0,320.6606806454487,19.33931935455132,19.33931935455132
235.0,244.1929333093787,-9.192933309378702,9.192933309378702
392.5,381.6315612674332,10.868438732566801,10.868438732566801
250.0,246.523188559141,3.476811440858995,3.476811440858995
290.0,294.5188779569886,-4.518877956988604,4.518877956988604
587.5,622.9165328678157,-35.416532867815704,35.416532867815704
565.0,590.4410306496807,-25.44103064968067,25.44103064968067
665.0,661.315891753837,3.684108246162964,3.684108246162964
347.5,389.51769146107205,-42.01769146107205,42.01769146107205
765.0,621.3820878568217,143.61791214317827,143.61791214317827
300.0,325.8151593467383,-25.815159346738312,25.815159346738312
347.5,376.552871899267,-29.052871899267018,29.052871899267018
347.5,413.40339187127967,-65.90339187127967,65.90339187127967
587.5,577.1202502808579,10.379749719142069,10.379749719142069
415.0,327.5525143390997,87.44748566090033,87.44748566090033
625.0,575.1939590277373,49.806040972262736,49.806040972262736
535.0,563.7971369553919,-28.79713695539192,28.79713695539192
680.0,682.2099373026641,-2.209937302664116,2.209937302664116
472.5,436.2062484185249,36.29375158147508,36.29375158147508
372.5,407.37523452221905,-34.875234522219046,34.875234522219046
622.5,611.6758301614091,10.824169838590933,10.824169838590933
775.0,727.5132354957076,47.48676450429241,47.48676450429241
485.0,432.93217423220926,52.06782576779074,52.06782576779074
200.0,219.36879099838237,-19.368790998382366,19.368790998382366
740.0,757.7015913507253,-17.701591350725266,17.701591350725266
672.5,603.4049701587043,69.09502984129574,69.09502984129574
435.0,417.71758318493073,17.28241681506927,17.28241681506927
117.5,140.39312410687464,-22.893124106874637,22.893124106874637
182.5,240.02497534692364,-57.52497534692364,57.52497534692364
380.0,404.8185240799196,-24.818524079919598,24.818524079919598
490.0,458.6571644165417,31.34283558345828,31.34283558345828
500.0,490.2897132733102,9.710286726689787,9.710286726689787
485.0,476.62435868618087,8.37564131381913,8.37564131381913
330.0,370.3864548766005,-40.38645487660051,40.38645487660051
422.5,401.14412597107327,21.355874028926735,21.355874028926735
400.0,396.92382700666633,3.076172993333671,3.076172993333671
582.5,563.3656583770596,19.134341622940383,19.134341622940383
327.5,382.42226653766113,-54.92226653766113,54.92226653766113
622.5,459.67094253137014,162.82905746862986,162.82905746862986
525.0,508.73682609187244,16.263173908127555,16.263173908127555
697.5,502.617512164975,194.88248783502502,194.88248783502502
387.5,370.59423000662406,16.90576999337594,16.90576999337594
555.0,608.7835974943633,-53.783597494363335,53.783597494363335
315.0,339.4605886184561,-24.460588618456086,24.460588618456086
370.0,375.20668695798287,-5.206686957982868,5.206686957982868
510.0,522.388510204007,-12.388510204007048,12.388510204007048
590.0,548.4429440579471,41.5570559420529,41.5570559420529
485.0,485.7902573983334,-0.7902573983333809,0.7902573983333809
915.0,779.8044355655817,135.19556443441832,135.19556443441832
402.5,372.0616987742416,30.43830122575838,30.43830122575838
505.0,530.0447825669485,-25.04478256694847,25.04478256694847
380.0,354.70551716153074,25.294482838469264,25.294482838469264
315.0,289.7628602903317,25.237139709668327,25.237139709668327
405.0,391.3360772272219,13.663922772778108,13.663922772778108
530.0,603.1859981229519,-73.1859981229519,73.1859981229519
392.5,389.55495866748225,2.9450413325177465,2.9450413325177465
517.5,500.1935700786655,17.306429921334484,17.306429921334484
232.5,247.5129540418214,-15.012954041821388,15.012954041821388
462.5,409.319550050773,53.18044994922701,53.18044994922701
647.5,637.9534712255287,9.546528774471312,9.546528774471312
497.5,552.4460310779382,-54.94603107793819,54.94603107793819
422.5,410.49600556262766,12.003994437372342,12.003994437372342
545.0,568.872741322063,-23.872741322063007,23.872741322063007
447.5,468.255029006397,-20.755029006397024,20.755029006397024
797.5,760.043873787668,37.45612621233204,37.45612621233204
570.0,606.2430936483078,-36.24309364830776,36.24309364830776
671.0,639.7257710951735,31.274228904826487,31.274228904826487
360.0,364.0849801761878,-4.084980176187798,4.084980176187798
337.5,340.4449135082533,-2.9449135082533076,2.9449135082533076
295.0,287.15127962318337,7.84872037681663,7.84872037681663
240.0,229.65292848462386,10.347071515376143,10.347071515376143
650.0,583.3801970265031,66.61980297349692,66.61980297349692
675.0,669.9115717385529,5.08842826144712,5.08842826144712
372.5,326.40663619034916,46.09336380965084,46.09336380965084
317.5,339.54219192463836,-22.04219192463836,22.04219192463836
410.0,368.97385085544096,41.02614914455904,41.02614914455904
795.0,646.9082877188754,148.09171228112461,148.09171228112461
752.5,729.5108936373078,22.989106362692155,22.989106362692155
722.5,652.0553268379731,70.4446731620269,70.4446731620269
590.0,651.1862150379042,-61.18621503790416,61.18621503790416
272.5,307.31634708565144,-34.816347085651444,34.816347085651444
342.5,407.0383148332331,-64.53831483323307,64.53831483323307
617.5,624.8488184049364,-7.348818404936424,7.348818404936424
330.0,312.4716311936867,17.528368806313324,17.528368806313324
332.5,388.49546370587444,-55.99546370587444,55.99546370587444
535.0,516.1324360488985,18.867563951101488,18.867563951101488
580.0,605.0972174780597,-25.097217478059747,25.097217478059747
275.0,295.78570289157756,-20.785702891577557,20.785702891577557
527.5,494.2586504896651,33.241349510334885,33.241349510334885
500.0,522.7034781024752,-22.703478102475174,22.703478102475174
340.0,382.80428825576985,-42.80428825576985,42.80428825576985
362.5,341.9093986075356,20.590601392464407,20.590601392464407
740.5,671.3306369801257,69.16936301987425,69.16936301987425
215.0,234.3275335351659,-19.327533535165912,19.327533535165912
230.0,259.32947816150937,-29.32947816150937,29.32947816150937
397.5,369.89926577443987,27.60073422556013,27.60073422556013
500.0,476.05751328531636,23.94248671468364,23.94248671468364
280.0,318.84319249181186,-38.84319249181186,38.84319249181186
360.0,452.6445376139202,-92.64453761392019,92.64453761392019
790.0,775.5423798559767,14.45762014402328,14.45762014402328
330.0,373.35381441334823,-43.35381441334823,43.35381441334823
600.0,601.71326421571,-1.7132642157099554,1.7132642157099554
490.0,431.21829852608187,58.78170147391813,58.78170147391813
422.5,437.4996463747545,-14.99964637475449,14.99964637475449
245.0,251.2612721456415,-6.261272145641499,6.261272145641499
570.0,474.2422352898049,95.75776471019509,95.75776471019509
410.0,385.2881194514272,24.71188054857282,24.71188054857282
222.5,221.54797578184593,0.9520242181540652,0.9520242181540652
760.0,735.7229915937284,24.277008406271648,24.277008406271648
567.5,577.0662035106477,-9.56620351064771,9.56620351064771
694.0,676.6783624326351,17.32163756736486,17.32163756736486
260.0,274.5897591219808,-14.58975912198082,14.58975912198082
257.5,268.56450507506514,-11.064505075065142,11.064505075065142
925.0,806.7619004001759,118.23809959982407,118.23809959982407
350.0,338.81169917835825,11.188300821641747,11.188300821641747
525.0,525.5509480850853,-0.5509480850853379,0.5509480850853379
570.0,517.5046290083931,52.49537099160693,52.49537099160693
265.0,323.5715647242955,-58.57156472429551,58.57156472429551
390.0,387.73914642010953,2.2608535798904654,2.2608535798904654
617.5,594.1456478638221,23.35435213617791,23.35435213617791
465.0,382.3221277191262,82.67787228087383,82.67787228087383
330.0,256.5506609440389,73.4493390559611,73.4493390559611
647.5,696.5649566420627,-49.064956642062725,49.064956642062725
415.0,441.4283001162413,-26.428300116241303,26.428300116241303
417.5,402.63094290270504,14.869057097294956,14.869057097294956
290.0,331.4821513380835,-41.4821513380835,41.4821513380835
640.5,655.898344886078,-15.398344886078007,15.398344886078007
377.5,403.5042599062,-26.00425990619999,26.00425990619999
725.0,798.1138354048172,-73.11383540481722,73.11383540481722
882.5,807.9095847406031,74.59041525939688,74.59041525939688
315.0,331.4146371480434,-16.414637148043425,16.414637148043425
450.0,458.6699170860246,-8.669917086024611,8.669917086024611
205.0,220.88224644898216,-15.882246448982158,15.882246448982158
567.5,561.9004490847707,5.599550915229315,5.599550915229315
250.0,304.42259644751624,-54.42259644751624,54.42259644751624
455.0,429.79428576381474,25.20571423618526,25.20571423618526
605.0,572.2601837142339,32.739816285766096,32.739816285766096
440.0,414.9695154086817,25.030484591318327,25.030484591318327
777.5,748.7672699179006,28.73273008209935,28.73273008209935
787.5,733.7143861197382,53.78561388026185,53.78561388026185
335.0,299.8731121932313,35.12688780676871,35.12688780676871
810.0,777.0792369861302,32.92076301386976,32.92076301386976
652.5,694.1962396978333,-41.696239697833335,41.696239697833335
457.5,451.3400504363021,6.159949563697921,6.159949563697921
450.0,445.06965238194925,4.930347618050746,4.930347618050746
402.5,298.01046025581826,104.48953974418174,104.48953974418174
765.0,721.3682271765556,43.63177282344441,43.63177282344441
525.0,558.1042219950805,-33.10422199508048,33.10422199508048
185.0,265.1075806798769,-80.10758067987689,80.10758067987689
402.5,354.0704409874041,48.42955901259592,48.42955901259592
482.5,499.7936013874666,-17.293601387466595,17.293601387466595
440.0,413.9766283253133,26.0233716746867,26.0233716746867
707.5,661.0721503982237,46.4278496017763,46.4278496017763
650.0,663.8635567704612,-13.863556770461173,13.863556770461173
520.0,527.9934531156882,-7.993453115688226,7.993453115688226
746.5,711.5522245097669,34.947775490233084,34.947775490233084
265.0,310.8992873125041,-45.8992873125041,45.8992873125041
317.5,348.16229660097883,-30.662296600978834,30.662296600978834
460.0,419.40635642012165,40.593643579878346,40.593643579878346
308.0,298.43152030782045,9.568479692179551,9.568479692179551
502.5,440.3891722159792,62.110827784020785,62.110827784020785
395.0,424.19686987516246,-29.196869875162463,29.196869875162463
422.5,381.3238149336902,41.17618506630981,41.17618506630981
852.5,747.343104587295,105.15689541270501,105.15689541270501
500.0,518.3464695391648,-18.346469539164787,18.346469539164787
305.0,339.11951465464716,-34.11951465464716,34.11951465464716
605.0,442.3552676877541,162.64473231224588,162.64473231224588
522.5,497.14887627816273,25.35112372183727,25.35112372183727
280.0,470.4144770456673,-190.4144770456673,190.4144770456673
282.5,257.4739970631038,25.02600293689619,25.02600293689619
682.5,654.3353010969062,28.164698903093836,28.164698903093836
730.0,693.1442771161613,36.855722883838666,36.855722883838666
662.5,648.6315906772662,13.868409322733783,13.868409322733783
320.0,350.0550693649813,-30.055069364981307,30.055069364981307
520.0,549.6348596586924,-29.63485965869245,29.63485965869245
557.5,562.6953471596515,-5.195347159651533,5.195347159651533
325.0,377.36550847125307,-52.365508471253065,52.365508471253065
590.0,576.1801977014889,13.81980229851115,13.81980229851115
517.5,526.3453221892564,-8.845322189256422,8.845322189256422
695.0,550.8957436954834,144.10425630451664,144.10425630451664
475.0,409.2137886809426,65.78621131905737,65.78621131905737
530.0,574.585808944442,-44.585808944441965,44.585808944441965
820.0,775.4488957645742,44.55110423542578,44.55110423542578
512.5,498.8119070550644,13.68809294493559,13.68809294493559
185.0,209.37553809484783,-24.375538094847826,24.375538094847826
645.0,754.8911542275366,-109.89115422753662,109.89115422753662
545.0,494.60625183333025,50.39374816666975,50.39374816666975
455.0,519.7698529158047,-64.76985291580468,64.76985291580468
357.5,328.69539538125224,28.80460461874776,28.80460461874776
432.5,401.1034954997173,31.396504500282674,31.396504500282674
505.0,457.1674381950007,47.83256180499927,47.83256180499927
195.0,251.8244780064042,-56.824478006404206,56.824478006404206
562.5,492.07591510630033,70.42408489369967,70.42408489369967
750.0,723.3204451312793,26.679554868720743,26.679554868720743
540.0,513.1071997956388,26.89280020436115,26.89280020436115
580.0,588.3594261385438,-8.359426138543768,8.359426138543768
505.0,513.785557405669,-8.78555740566901,8.78555740566901
500.0,375.0776850247074,124.92231497529258,124.92231497529258
347.5,359.7159221329929,-12.215922132992887,12.215922132992887
445.0,427.4214974419763,17.578502558023672,17.578502558023672
215.0,230.4545340843597,-15.454534084359693,15.454534084359693
655.0,632.5676719726133,22.43232802738669,22.43232802738669
372.5,387.1816254088115,-14.681625408811499,14.681625408811499
305.0,304.84448400831326,0.15551599168674102,0.15551599168674102
510.0,500.9787775412303,9.021222458769728,9.021222458769728
420.0,397.9581400995804,22.04185990041958,22.04185990041958
355.0,437.14919855600095,-82.14919855600095,82.14919855600095
582.5,545.1207876922363,37.37921230776374,37.37921230776374
527.5,484.1020344235396,43.39796557646042,43.39796557646042
755.0,764.1245987838143,-9.12459878381435,9.12459878381435
287.5,284.8153307015635,2.6846692984365177,2.6846692984365177
372.5,486.2856090528219,-113.78560905282188,113.78560905282188
665.5,653.134244313874,12.365755686126022,12.365755686126022
642.5,661.7379429749594,-19.237942974959424,19.237942974959424
597.5,645.5383133337706,-48.03831333377059,48.03831333377059
235.0,212.67757865815304,22.32242134184696,22.32242134184696
657.5,670.3671785510378,-12.867178551037796,12.867178551037796
627.5,630.350107736566,-2.850107736565974,2.850107736565974
405.0,401.8271311781902,3.1728688218098,3.1728688218098
545.0,588.1306162774473,-43.1306162774473,43.1306162774473
670.0,657.8547152180836,12.145284781916416,12.145284781916416
567.5,566.4934413456433,1.0065586543566951,1.0065586543566951
477.5,560.4928895836656,-82.9928895836656,82.9928895836656
510.0,516.4851730866388,-6.485173086638838,6.485173086638838
347.5,349.68282878785027,-2.1828287878502692,2.1828287878502692
755.0,676.5462321197176,78.45376788028238,78.45376788028238
630.0,580.1145565267776,49.88544347322238,49.88544347322238
635.0,577.8299503282411,57.170049671758875,57.170049671758875
400.0,406.0951554482158,-6.095155448215792,6.095155448215792
737.5,765.6348728828302,-28.134872882830223,28.134872882830223
550.0,525.3970995334083,24.602900466591677,24.602900466591677
317.5,377.0228646624738,-59.52286466247381,59.52286466247381
647.5,728.6307241878046,-81.13072418780462,81.13072418780462
260.0,268.5017094678115,-8.501709467811509,8.501709467811509
395.0,387.75409266781367,7.245907332186334,7.245907332186334
445.0,436.43140156064004,8.56859843935996,8.56859843935996
437.5,369.43973404521955,68.06026595478045,68.06026595478045
672.5,619.3150970046141,53.18490299538587,53.18490299538587
350.0,418.8772787756509,-68.8772787756509,68.8772787756509
175.0,350.68541658362346,-175.68541658362346,175.68541658362346
330.0,333.0472598626708,-3.047259862670785,3.047259862670785
515.0,424.6516055168125,90.34839448318752,90.34839448318752
685.0,694.9434662922449,-9.94346629224492,9.94346629224492
510.0,527.3964132770226,-17.39641327702259,17.39641327702259
575.0,583.4030579473135,-8.403057947313528,8.403057947313528
452.5,467.2965482469986,-14.796548246998611,14.796548246998611
412.5,391.91246521054387,20.58753478945613,20.58753478945613
412.5,441.19708723753115,-28.69708723753115,28.69708723753115
330.0,349.04259848421503,-19.042598484215034,19.042598484215034
382.5,372.61230161399635,9.887698386003649,9.887698386003649
525.0,523.9962798987007,1.0037201012993364,1.0037201012993364
667.5,698.6941580949073,-31.194158094907266,31.194158094907266
440.0,403.49578108566726,36.50421891433274,36.50421891433274
415.0,470.4144770456673,-55.4144770456673,55.4144770456673
475.0,491.78701055094933,-16.787010550949333,16.787010550949333
455.0,386.0453463698037,68.95465363019628,68.95465363019628
475.0,455.7561195579916,19.24388044200839,19.24388044200839
465.0,421.345552386761,43.65444761323897,43.65444761323897
500.0,476.8204311665807,23.179568833419296,23.179568833419296
770.0,750.3648435299979,19.63515647000213,19.63515647000213
352.5,318.0047754336539,34.49522456634611,34.49522456634611
257.5,273.6423655030638,-16.142365503063786,16.142365503063786
710.5,691.5978088863376,18.90219111366241,18.90219111366241
320.0,308.14680333793467,11.85319666206533,11.85319666206533
502.5,489.5228767687812,12.977123231218798,12.977123231218798
440.0,527.026033371784,-87.02603337178402,87.02603337178402
677.5,662.8199073664646,14.680092633535423,14.680092633535423
485.0,545.1094916477741,-60.10949164777412,60.10949164777412
525.0,534.1893631502218,-9.189363150221766,9.189363150221766
807.5,727.609693776179,79.89030622382097,79.89030622382097
682.5,670.786869309493,11.713130690507,11.713130690507
412.5,388.554783943087,23.94521605691301,23.94521605691301
796.0,733.3625829726059,62.63741702739412,62.63741702739412
387.5,319.46933863221693,68.03066136778307,68.03066136778307
427.5,421.15097246999096,6.349027530009039,6.349027530009039
327.5,306.37318404968033,21.126815950319667,21.126815950319667
766.0,864.0165040104002,-98.01650401040024,98.01650401040024
782.5,676.9096018104815,105.59039818951851,105.59039818951851
632.5,639.955510124422,-7.455510124421949,7.455510124421949
335.0,371.2321024393745,-36.2321024393745,36.2321024393745
600.0,608.735236017932,-8.735236017932039,8.735236017932039
810.0,753.6011511307407,56.39884886925927,56.39884886925927
387.5,395.73759888102836,-8.237598881028362,8.237598881028362
590.0,573.183968656154,16.81603134384602,16.81603134384602
362.5,265.7250334767155,96.77496652328449,96.77496652328449
655.0,617.359937333933,37.640062666067024,37.640062666067024
237.5,275.2215930901066,-37.72159309010658,37.72159309010658
600.0,629.9131949642718,-29.913194964271838,29.913194964271838
610.0,534.2450655093833,75.75493449061673,75.75493449061673
270.0,263.1430057070776,6.856994292922423,6.856994292922423
285.0,288.71865150641366,-3.7186515064136643,3.7186515064136643
360.0,374.34423779853444,-14.344237798534436,14.344237798534436
455.0,452.8971906074938,2.102809392506174,2.102809392506174
740.0,725.0449411363008,14.95505886369915,14.95505886369915
327.5,304.69606315005115,22.803936849948855,22.803936849948855
292.5,308.44505456422644,-15.945054564226439,15.945054564226439
362.5,346.95912025926566,15.54087974073434,15.54087974073434
215.0,258.71142806283376,-43.71142806283376,43.71142806283376
487.5,534.6291675339,-47.129167533900045,47.129167533900045
217.5,235.22500042158077,-17.725000421580773,17.725000421580773
322.5,327.87293618726125,-5.372936187261246,5.372936187261246
440.0,462.26212218779466,-22.26212218779466,22.26212218779466
550.0,602.0923269446552,-52.092326944655156,52.092326944655156
532.5,519.4058864407938,13.094113559206221,13.094113559206221
442.5,478.41604927910583,-35.916049279105835,35.916049279105835
297.5,359.4362942668476,-61.9362942668476,61.9362942668476
610.0,670.9948528140918,-60.994852814091814,60.994852814091814
317.5,345.620678120539,-28.120678120539026,28.120678120539026
527.5,453.46432040099313,74.03567959900687,74.03567959900687
355.0,433.5431752074875,-78.54317520748748,78.54317520748748
207.5,229.65292848462386,-22.152928484623857,22.152928484623857
670.0,690.8399152096711,-20.839915209671062,20.839915209671062
605.0,551.2621568262205,53.73784317377954,53.73784317377954
335.0,337.470190678713,-2.4701906787129815,2.4701906787129815
477.5,437.40570634998534,40.09429365001466,40.09429365001466
455.0,418.654654253546,36.34534574645397,36.34534574645397
257.5,266.75172489009606,-9.251724890096057,9.251724890096057
850.5,792.1548617049682,58.3451382950318,58.3451382950318
415.0,414.0809052802312,0.9190947197687933,0.9190947197687933
522.5,503.0400198994416,19.459980100558425,19.459980100558425
525.0,471.8714931078659,53.12850689213411,53.12850689213411
555.0,557.771031496627,-2.7710314966269607,2.7710314966269607
732.5,672.5469258434457,59.953074156554294,59.953074156554294
547.5,566.1684880707453,-18.668488070745298,18.668488070745298
385.0,352.9324482978529,32.067551702147114,32.067551702147114
667.5,634.3030980923311,33.19690190766892,33.19690190766892
420.0,414.0739966382921,5.926003361707899,5.926003361707899
792.5,779.2744718336705,13.225528166329468,13.225528166329468
330.0,343.1773017068861,-13.177301706886112,13.177301706886112
395.0,424.4761189832705,-29.47611898327051,29.47611898327051
365.0,328.1006932655109,36.89930673448907,36.89930673448907
310.0,338.02482497721047,-28.02482497721047,28.02482497721047
675.0,604.328888159972,70.67111184002795,70.67111184002795
830.0,810.1716881255797,19.82831187442025,19.82831187442025
642.5,649.3446370904596,-6.844637090459628,6.844637090459628
473.0,518.5388517715511,-45.538851771551094,45.538851771551094
497.5,627.4599304831289,-129.95993048312891,129.95993048312891
425.0,506.66615458460313,-81.66615458460313,81.66615458460313
610.0,620.2960480526716,-10.296048052671608,10.296048052671608
335.5,386.80609220299664,-51.30609220299664,51.30609220299664
310.0,366.9871563630503,-56.9871563630503,56.9871563630503
465.0,418.6445392301803,46.35546076981967,46.35546076981967
560.0,563.8449351506579,-3.844935150657875,3.844935150657875
640.0,567.8118066945756,72.18819330542442,72.18819330542442
300.0,318.84319249181186,-18.843192491811863,18.843192491811863
547.5,532.7002745139723,14.799725486027683,14.799725486027683
577.5,717.4493245988023,-139.94932459880226,139.94932459880226
377.5,289.559929725497,87.940070274503,87.940070274503
320.5,368.24924350779514,-47.74924350779514,47.74924350779514
322.5,379.2054184469075,-56.705418446907515,56.705418446907515
782.5,765.6392716751564,16.86072832484365,16.86072832484365
622.5,629.2264699435359,-6.726469943535903,6.726469943535903
207.5,263.57385732077535,-56.073857320775346,56.073857320775346
572.5,728.8817784164582,-156.38177841645825,156.38177841645825
280.0,293.1383538004424,-13.138353800442417,13.138353800442417
592.5,540.911165425204,51.58883457479601,51.58883457479601
470.0,428.7683492931777,41.23165070682228,41.23165070682228
782.5,764.389441693782,18.110558306217968,18.110558306217968
497.5,457.5959455043004,39.9040544956996,39.9040544956996
617.5,569.6060314712373,47.893968528762684,47.893968528762684
290.0,297.1463668419152,-7.14636684191521,7.14636684191521
740.0,622.5216461240628,117.47835387593716,117.47835387593716
372.5,359.8146883723586,12.685311627641397,12.685311627641397
320.0,310.88756244842244,9.112437551577557,9.112437551577557
645.0,661.3961617698347,-16.396161769834748,16.396161769834748
462.5,420.51217129912953,41.987828700870466,41.987828700870466
390.0,434.5146075402699,-44.51460754026988,44.51460754026988
552.5,533.1209763108565,19.379023689143537,19.379023689143537
182.5,211.23308119833334,-28.733081198333338,28.733081198333338
407.5,264.9517438211243,142.5482561788757,142.5482561788757
707.5,696.7700583185274,10.72994168147261,10.72994168147261
305.0,318.84319249181186,-13.843192491811863,13.843192491811863
180.0,186.62212411741493,-6.622124117414927,6.622124117414927
440.0,490.7699772439412,-50.769977243941184,50.769977243941184
462.5,467.422203227565,-4.922203227564978,4.922203227564978
775.0,657.5237145536237,117.47628544637632,117.47628544637632
582.5,666.3935169096866,-83.89351690968658,83.89351690968658
320.0,304.4724269933103,15.527573006689693,15.527573006689693
497.5,454.8392655265649,42.66073447343513,42.66073447343513
510.0,531.2821273014554,-21.282127301455375,21.282127301455375
387.5,339.523781704892,47.976218295108026,47.976218295108026
570.0,775.3455141151533,-205.34551411515326,205.34551411515326
265.0,275.92192951881526,-10.921929518815261,10.921929518815261
642.5,596.9335425359023,45.56645746409765,45.56645746409765
302.5,323.75611431207807,-21.25611431207807,21.25611431207807
452.5,390.34441056446394,62.15558943553606,62.15558943553606
455.0,417.49063890422383,37.50936109577617,37.50936109577617
310.0,278.78376500400134,31.21623499599866,31.21623499599866
245.0,224.54318011766875,20.456819882331246,20.456819882331246
677.5,627.400102934829,50.099897065171035,50.099897065171035
445.0,419.10664333526745,25.89335666473255,25.89335666473255
315.0,326.2296467140836,-11.229646714083572,11.229646714083572
470.0,446.66372009369195,23.33627990630805,23.33627990630805
362.5,347.0611816983773,15.438818301622689,15.438818301622689
617.5,524.90377219317,92.59622780683003,92.59622780683003
732.5,654.7255286539853,77.7744713460147,77.7744713460147
567.5,585.5224109838388,-18.022410983838768,18.022410983838768
310.0,296.05594463622094,13.944055363779057,13.944055363779057
650.0,644.0170438220008,5.982956177999199,5.982956177999199
692.5,655.0996357327087,37.40036426729125,37.40036426729125
377.5,369.840657534404,7.659342465596012,7.659342465596012
682.5,551.6385109685855,130.86148903141452,130.86148903141452
682.5,663.2182247006955,19.281775299304513,19.281775299304513
257.5,261.0925004887845,-3.5925004887844807,3.5925004887844807
507.5,541.7546833154264,-34.254683315426405,34.254683315426405
547.5,443.5793336044177,103.92066639558232,103.92066639558232
702.5,747.5581213243195,-45.05812132431947,45.05812132431947
275.0,263.13445967794854,11.865540322051459,11.865540322051459
440.0,452.96068441616006,-12.960684416160063,12.960684416160063
355.0,352.18730343279935,2.8126965672006463,2.8126965672006463
362.5,425.9977412310832,-63.49774123108318,63.49774123108318
364.5,327.58367525622214,36.916324743777864,36.916324743777864
390.0,353.29277154233614,36.70722845766386,36.70722845766386
300.0,327.95752535091884,-27.957525350918843,27.957525350918843
680.0,738.9643476996978,-58.96434769969778,58.96434769969778
435.0,396.75370825818226,38.24629174181774,38.24629174181774
420.0,406.4438659363745,13.556134063625507,13.556134063625507
643.5,548.9222179383455,94.57778206165449,94.57778206165449
812.0,737.6081055346103,74.39189446538967,74.39189446538967
655.0,636.7909639810601,18.209036018939855,18.209036018939855
345.0,288.88736607613527,56.112633923864735,56.112633923864735
432.5,441.94085088712217,-9.440850887122167,9.440850887122167
622.5,624.0702522728986,-1.5702522728986423,1.5702522728986423
673.0,695.4508670758771,-22.450867075877113,22.450867075877113
390.0,647.4480313456606,-257.44803134566064,257.44803134566064
230.0,251.58228504264588,-21.58228504264588,21.58228504264588
565.0,558.2871729189155,6.71282708108447,6.71282708108447
525.0,477.1584018759101,47.8415981240899,47.8415981240899
367.5,364.7819136091611,2.7180863908388915,2.7180863908388915
510.5,581.5500952085312,-71.05009520853116,71.05009520853116
425.5,397.8627455524876,27.63725444751242,27.63725444751242
405.0,413.17570808868334,-8.175708088683336,8.175708088683336
423.0,505.6347648049656,-82.63476480496558,82.63476480496558
327.5,354.21526610556265,-26.715266105562648,26.715266105562648
650.0,673.2907893181756,-23.290789318175598,23.290789318175598
497.5,465.03623803111793,32.46376196888207,32.46376196888207
290.0,325.9793849776823,-35.97938497768229,35.97938497768229
677.5,568.7303719081642,108.76962809183578,108.76962809183578
382.5,465.79572990771345,-83.29572990771345,83.29572990771345
365.0,468.48554349928753,-103.48554349928753,103.48554349928753
327.5,388.4550400790974,-60.95504007909739,60.95504007909739
437.5,558.9139035652739,-121.41390356527393,121.41390356527393
485.0,432.5752251268123,52.42477487318769,52.42477487318769
505.0,461.71148277415864,43.28851722584136,43.28851722584136
610.0,600.7197470776183,9.280252922381692,9.280252922381692
500.0,368.5107687516655,131.48923124833448,131.48923124833448
627.5,634.6749014090121,-7.174901409012136,7.174901409012136
617.5,688.7642801205221,-71.26428012052213,71.26428012052213
750.0,742.8699838108186,7.130016189181447,7.130016189181447
422.5,448.72418486004534,-26.22418486004534,26.22418486004534
267.5,260.9429626369978,6.557037363002223,6.557037363002223
305.0,280.58193277116607,24.418067228833934,24.418067228833934
390.0,400.5091228084585,-10.509122808458528,10.509122808458528
235.0,313.5704580010878,-78.57045800108779,78.57045800108779
325.0,344.460497847557,-19.460497847557008,19.460497847557008
472.5,442.66281921396086,29.83718078603914,29.83718078603914
610.0,606.7455997187168,3.2544002812832105,3.2544002812832105
627.5,641.9381577883655,-14.438157788365515,14.438157788365515
572.5,579.7484517829754,-7.248451782975394,7.248451782975394
335.0,397.43480693454995,-62.434806934549954,62.434806934549954
280.0,365.8843014341378,-85.8843014341378,85.8843014341378
225.0,269.38391497904803,-44.38391497904803,44.38391497904803
477.5,522.6902418338091,-45.19024183380907,45.19024183380907
540.0,557.1614007125731,-17.16140071257314,17.16140071257314
427.5,421.70035914064914,5.799640859350859,5.799640859350859
835.0,694.319443135159,140.68055686484104,140.68055686484104
785.0,719.65938408416,65.34061591583998,65.34061591583998
810.0,767.1642042467663,42.8357957532337,42.8357957532337
505.0,537.4134062091098,-32.41340620910978,32.41340620910978
287.5,293.1140678429832,-5.614067842983218,5.614067842983218
557.5,525.8278840619275,31.672115938072466,31.672115938072466
518.0,548.2567936614232,-30.256793661423217,30.256793661423217
405.0,461.2052790696785,-56.20527906967851,56.20527906967851
167.5,220.0037427663457,-52.50374276634571,52.50374276634571
170.0,189.57675757886656,-19.576757578866562,19.576757578866562
455.0,562.3328386135626,-107.33283861356256,107.33283861356256
517.5,395.57960108408787,121.92039891591213,121.92039891591213
450.0,530.4848727429134,-80.48487274291335,80.48487274291335
580.0,715.1766503835134,-135.17665038351345,135.17665038351345
515.0,453.1576779398436,61.84232206015639,61.84232206015639
645.0,559.7030232118118,85.2969767881882,85.2969767881882
685.0,651.4390489958075,33.560951004192475,33.560951004192475
582.0,593.8472382688374,-11.847238268837373,11.847238268837373
400.0,597.9159716844005,-197.91597168440046,197.91597168440046
522.5,561.0567885640343,-38.556788564034264,38.556788564034264
292.5,318.24404145252043,-25.744041452520435,25.744041452520435
722.5,628.5020876930276,93.99791230697235,93.99791230697235
235.0,251.07533472326796,-16.075334723267957,16.075334723267957
392.5,349.4650947922937,43.03490520770629,43.03490520770629
407.5,385.87423270695786,21.625767293042145,21.625767293042145
567.5,570.1187782889627,-2.6187782889627442,2.6187782889627442
457.5,446.15874769109564,11.341252308904359,11.341252308904359
417.5,457.7926317223993,-40.29263172239928,40.29263172239928
235.0,208.88987337494746,26.110126625052544,26.110126625052544
587.5,539.9854974827826,47.51450251721735,47.51450251721735
585.0,582.8816665874305,2.118333412569541,2.118333412569541
660.0,660.6475742327837,-0.6475742327836542,0.6475742327836542
520.0,477.68316820072056,42.31683179927944,42.31683179927944
340.0,377.8558905268563,-37.855890526856285,37.855890526856285
325.0,300.10741857508265,24.892581424917353,24.892581424917353
357.5,383.1459218959467,-25.645921895946685,25.645921895946685
830.0,795.1076842001062,34.89231579989382,34.89231579989382
647.5,645.9175663730683,1.5824336269316746,1.5824336269316746
710.0,728.6107968689844,-18.61079686898438,18.61079686898438
585.0,609.2164368280919,-24.2164368280919,24.2164368280919
512.5,489.5710888643938,22.9289111356062,22.9289111356062
407.5,409.3223774981128,-1.8223774981128145,1.8223774981128145
460.0,444.1709566689033,15.829043331096727,15.829043331096727
315.0,365.4272239919045,-50.4272239919045,50.4272239919045
512.5,589.8613105178433,-77.36131051784332,77.36131051784332
655.0,643.5304423703701,11.46955762962989,11.46955762962989
547.5,555.5460743713664,-8.046074371366444,8.046074371366444
447.5,495.24232699651697,-47.742326996516965,47.742326996516965
272.5,289.32557747135934,-16.82557747135934,16.82557747135934
422.5,449.0927544120268,-26.592754412026807,26.592754412026807
470.0,532.9464939030405,-62.946493903040505,62.946493903040505
615.0,692.5952680755569,-77.59526807555687,77.59526807555687
622.5,662.0054888563611,-39.505488856361126,39.505488856361126
600.0,626.6401257261459,-26.640125726145925,26.640125726145925
657.5,576.7293955878987,80.7706044121013,80.7706044121013
375.0,382.02758454698346,-7.027584546983462,7.027584546983462
641.0,606.4370121355681,34.562987864431875,34.562987864431875
368.5,318.5078948005385,49.99210519946149,49.99210519946149
490.0,526.1286092533381,-36.12860925333814,36.12860925333814
580.0,582.0622015300169,-2.062201530016864,2.062201530016864
300.0,249.36813501882776,50.63186498117224,50.63186498117224
455.0,432.5135256507368,22.486474349263176,22.486474349263176
715.0,645.1642134261232,69.83578657387682,69.83578657387682
482.5,436.74444399405263,45.75555600594737,45.75555600594737
880.0,828.5167463893112,51.48325361068885,51.48325361068885
435.0,391.9612771416666,43.038722858333415,43.038722858333415
217.5,262.0356421251298,-44.53564212512981,44.53564212512981
725.0,764.1898982777475,-39.18989827774749,39.18989827774749
387.5,428.8543541088193,-41.35435410881928,41.35435410881928
445.0,532.9506743280182,-87.95067432801818,87.95067432801818
390.0,482.88699316734153,-92.88699316734153,92.88699316734153
470.0,553.670797190789,-83.67079719078902,83.67079719078902
235.0,252.72417848795666,-17.724178487956664,17.724178487956664
432.5,393.700238636481,38.799761363518996,38.799761363518996
405.0,405.4836736632903,-0.4836736632902898,0.4836736632902898
360.0,405.31870363155326,-45.31870363155326,45.31870363155326
700.0,639.7895780433056,60.210421956694404,60.210421956694404
215.0,304.4851893293609,-89.48518932936088,89.48518932936088
832.5,539.531093208062,292.968906791938,292.968906791938
517.5,413.91335516926546,103.58664483073454,103.58664483073454
500.0,431.5504419101988,68.4495580898012,68.4495580898012
347.5,359.9214498590278,-12.421449859027803,12.421449859027803
392.5,379.0243125135187,13.47568748648132,13.47568748648132
372.5,538.5541794024423,-166.0541794024423,166.0541794024423
655.0,632.4394225301008,22.560577469899158,22.560577469899158
782.5,754.4683567805357,28.031643219464286,28.031643219464286
682.5,700.0643593639554,-17.56435936395542,17.56435936395542
262.5,534.0385487360758,-271.53854873607577,271.53854873607577
477.5,491.1445903102094,-13.644590310209423,13.644590310209423
367.5,362.8725728069173,4.627427193082724,4.627427193082724
550.0,522.4300663404971,27.569933659502908,27.569933659502908
487.5,489.55036351120543,-2.0503635112054326,2.0503635112054326
222.5,216.39049494475947,6.109505055240533,6.109505055240533
400.0,416.3756065666999,-16.3756065666999,16.3756065666999
272.5,333.4573067320688,-60.95730673206879,60.95730673206879
285.0,328.2036366611171,-43.203636661117116,43.203636661117116
237.5,220.88224644898216,16.61775355101784,16.61775355101784
542.5,585.912043266604,-43.41204326660397,43.41204326660397
542.5,581.0835266624705,-38.58352666247049,38.58352666247049
820.0,822.5578702262775,-2.557870226277487,2.557870226277487
645.0,737.5405841697902,-92.54058416979024,92.54058416979024
385.0,367.083653376713,17.916346623286984,17.916346623286984
487.5,740.7322244822135,-253.2322244822135,253.2322244822135
275.0,283.82570895907105,-8.82570895907105,8.82570895907105
347.5,397.1659102429219,-49.66591024292188,49.66591024292188
712.5,657.9561186920855,54.54388130791449,54.54388130791449
437.5,388.00465865437786,49.49534134562214,49.49534134562214
450.0,443.21480302232413,6.7851969776758665,6.7851969776758665
567.5,532.5062472341988,34.99375276580122,34.99375276580122
230.0,252.2204538493417,-22.22045384934171,22.22045384934171
230.0,227.91449553130582,2.0855044686941824,2.0855044686941824
225.0,242.3032107829927,-17.303210782992693,17.303210782992693
347.5,352.2668086803422,-4.766808680342194,4.766808680342194
317.5,318.75635735089764,-1.2563573508976447,1.2563573508976447
600.0,623.3622928969754,-23.36229289697542,23.36229289697542
340.0,359.8704729692351,-19.870472969235095,19.870472969235095
250.0,262.8929154476603,-12.8929154476603,12.8929154476603
435.0,468.17735370485303,-33.17735370485303,33.17735370485303
322.5,376.47794809113014,-53.977948091130145,53.977948091130145
282.5,311.498266450575,-28.998266450574988,28.998266450574988
230.0,305.28984984040596,-75.28984984040596,75.28984984040596
277.5,290.01352195275973,-12.513521952759731,12.513521952759731
465.0,556.0998760261416,-91.0998760261416,91.0998760261416
450.0,388.33143074923913,61.66856925076087,61.66856925076087
237.5,204.21834189763274,33.28165810236726,33.28165810236726
690.0,689.9694363046847,0.030563695315322548,0.030563695315322548
565.0,550.644116869617,14.35588313038295,14.35588313038295
277.5,285.441906831527,-7.941906831526978,7.941906831526978
340.5,357.26434304121466,-16.76434304121466,16.76434304121466
385.0,401.38351474933586,-16.38351474933586,16.38351474933586
262.5,288.8436078931455,-26.343607893145474,26.343607893145474
787.5,775.3385830287506,12.161416971249423,12.161416971249423
400.0,414.7442607985022,-14.744260798502182,14.744260798502182
382.5,402.07314807527547,-19.57314807527547,19.57314807527547
485.0,466.3286889962402,18.671311003759797,18.671311003759797
515.5,533.2445284281052,-17.74452842810524,17.74452842810524
295.0,313.6704287460763,-18.67042874607631,18.67042874607631
540.0,549.5242592410266,-9.524259241026584,9.524259241026584
335.0,370.85530959164015,-35.85530959164015,35.85530959164015
402.5,415.3352001843722,-12.835200184372184,12.835200184372184
262.5,249.65641098888577,12.843589011114233,12.843589011114233
620.0,647.8498292645389,-27.849829264538926,27.849829264538926
410.0,378.68829710155654,31.311702898443457,31.311702898443457
180.0,228.1897280232495,-48.1897280232495,48.1897280232495
490.0,431.72650629778184,58.27349370221816,58.27349370221816
565.0,646.1735474208155,-81.17354742081545,81.17354742081545
187.5,233.39859564117577,-45.898595641175774,45.898595641175774
457.5,365.2447364033681,92.25526359663189,92.25526359663189
425.0,487.0248102581885,-62.024810258188495,62.024810258188495
825.0,797.5782733668302,27.421726633169783,27.421726633169783
247.5,552.9342521351923,-305.4342521351923,305.4342521351923
582.5,448.2757654203794,134.2242345796206,134.2242345796206
652.5,625.1356376402723,27.364362359727693,27.364362359727693
702.5,663.6573634061334,38.84263659386659,38.84263659386659
607.5,776.3740520188508,-168.87405201885076,168.87405201885076
750.0,618.8228242196097,131.17717578039026,131.17717578039026
607.5,569.2112210856025,38.28877891439754,38.28877891439754
590.0,565.3233304726845,24.67666952731554,24.67666952731554
312.5,306.2726556002849,6.2273443997150935,6.2273443997150935
587.5,590.3212871445314,-2.821287144531425,2.821287144531425
445.0,432.2591268939743,12.740873106025674,12.740873106025674
635.0,628.1175798591595,6.882420140840509,6.882420140840509
397.5,408.53560236588595,-11.03560236588595,11.03560236588595
655.0,597.1906465541572,57.80935344584282,57.80935344584282
457.5,462.76244153809057,-5.26244153809057,5.26244153809057
462.5,459.93120152836724,2.5687984716327605,2.5687984716327605
370.0,345.6671364552962,24.332863544703798,24.332863544703798
396.0,385.02668167607527,10.97331832392473,10.97331832392473
352.5,318.23639606684776,34.26360393315224,34.26360393315224
490.0,509.9867749653403,-19.986774965340317,19.986774965340317
525.0,530.600607804604,-5.60060780460401,5.60060780460401
780.0,628.549210191952,151.45078980804794,151.45078980804794
345.0,329.71747866246614,15.282521337533865,15.282521337533865
572.5,564.8637412628535,7.636258737146477,7.636258737146477
647.5,661.7621043473672,-14.262104347367199,14.262104347367199
485.0,383.0750862324685,101.9249137675315,101.9249137675315
220.0,242.3254176156579,-22.325417615657898,22.325417615657898
262.5,330.7032315313356,-68.20323153133558,68.20323153133558
360.0,350.09870895514143,9.901291044858567,9.901291044858567
540.0,610.0384449479498,-70.03844494794976,70.03844494794976
555.0,454.8285411587937,100.17145884120629,100.17145884120629
480.0,425.13793184925686,54.86206815074314,54.86206815074314
512.5,570.6595417594541,-58.1595417594541,58.1595417594541
475.0,508.0146447317436,-33.0146447317436,33.0146447317436
302.5,375.6382717474777,-73.13827174747769,73.13827174747769
430.0,362.91514091677885,67.08485908322115,67.08485908322115
505.0,640.9647681963276,-135.96476819632755,135.96476819632755
425.0,433.2712140224986,-8.271214022498611,8.271214022498611
637.5,538.1783782460286,99.32162175397139,99.32162175397139
445.0,492.90199468292616,-47.90199468292616,47.90199468292616
455.0,429.2223721819403,25.777627818059727,25.777627818059727
800.0,737.3539041710774,62.646095828922626,62.646095828922626
667.5,660.4903411909092,7.009658809090752,7.009658809090752
347.5,387.7532048875082,-40.25320488750822,40.25320488750822
402.5,434.65100693374086,-32.15100693374086,32.15100693374086
490.0,397.7736400372155,92.2263599627845,92.2263599627845
597.5,573.7963405011247,23.703659498875254,23.703659498875254
400.0,363.46673235105453,36.53326764894547,36.53326764894547
300.0,368.65922908648315,-68.65922908648315,68.65922908648315
727.5,769.7912238881393,-42.29122388813926,42.29122388813926
602.5,684.3495230907678,-81.84952309076778,81.84952309076778
300.0,282.66156775863146,17.338432241368537,17.338432241368537
433.0,432.7981785435678,0.2018214564321852,0.2018214564321852
477.5,466.7289368153295,10.771063184670481,10.771063184670481
272.5,314.2539631869598,-41.75396318695982,41.75396318695982
547.5,612.1543073770622,-64.6543073770622,64.6543073770622
520.0,516.6973296605288,3.302670339471206,3.302670339471206
412.5,354.52274949839807,57.97725050160193,57.97725050160193
575.5,626.4512315655203,-50.95123156552029,50.95123156552029
365.0,359.0668212425051,5.933178757494886,5.933178757494886
407.5,418.0939760487092,-10.59397604870918,10.59397604870918
257.5,294.5188779569886,-37.018877956988604,37.018877956988604
397.5,400.8323812899005,-3.3323812899005247,3.3323812899005247
600.0,446.5704648862214,153.42953511377863,153.42953511377863
697.5,629.217148180622,68.28285181937804,68.28285181937804
550.0,596.822752626814,-46.82275262681401,46.82275262681401
762.5,767.471611465086,-4.971611465085971,4.971611465085971
315.0,304.6587092443043,10.341290755695695,10.341290755695695
555.0,629.9660752778814,-74.96607527788137,74.96607527788137
375.0,335.7134256721351,39.28657432786491,39.28657432786491
352.5,321.635567636236,30.864432363764024,30.864432363764024
493.0,537.988530847076,-44.98853084707605,44.98853084707605
692.5,692.7230167882166,-0.22301678821656878,0.22301678821656878
382.5,379.52146173702215,2.9785382629778496,2.9785382629778496
447.5,477.71051972431775,-30.21051972431775,30.21051972431775
650.0,621.6752724290862,28.32472757091375,28.32472757091375
437.5,420.7807967362759,16.719203263724125,16.719203263724125
552.5,556.7170415798039,-4.21704157980389,4.21704157980389
527.5,543.4713505512572,-15.97135055125716,15.97135055125716
392.5,382.4159820879874,10.084017912012598,10.084017912012598
467.5,426.6039728254119,40.896027174588085,40.896027174588085
430.0,430.4716617551648,-0.4716617551648028,0.4716617551648028
372.5,359.0799662082186,13.420033791781407,13.420033791781407
717.5,721.7591535766643,-4.259153576664289,4.259153576664289
785.0,734.9502588049276,50.04974119507244,50.04974119507244
285.0,301.95062669477494,-16.95062669477494,16.95062669477494
537.5,491.7876624642742,45.712337535725794,45.712337535725794
227.5,233.04556988220108,-5.545569882201079,5.545569882201079
585.0,501.53512460188506,83.46487539811494,83.46487539811494
487.5,474.55956409435237,12.940435905647632,12.940435905647632
507.5,529.3782734175605,-21.878273417560536,21.878273417560536
435.0,403.54941337589446,31.45058662410554,31.45058662410554
525.0,448.5800599100086,76.41994008999143,76.41994008999143
817.5,762.0531115969939,55.44688840300614,55.44688840300614
577.5,573.8136580035493,3.6863419964506647,3.6863419964506647
325.0,368.60151196688395,-43.60151196688395,43.60151196688395
552.5,509.7136772242308,42.78632277576918,42.78632277576918
432.5,380.3792020636413,52.12079793635871,52.12079793635871
390.0,361.12147230301287,28.878527696987135,28.878527696987135
747.5,706.7146785160999,40.785321483900134,40.785321483900134
467.5,384.36070064062216,83.13929935937784,83.13929935937784
880.0,858.1425698218586,21.857430178141385,21.857430178141385
255.0,269.83794278926945,-14.837942789269448,14.837942789269448
725.0,689.0786271129599,35.92137288704009,35.92137288704009
530.0,582.3884323193048,-52.3884323193048,52.3884323193048
600.0,576.7826213004637,23.21737869953631,23.21737869953631
267.5,284.1035594568092,-16.603559456809194,16.603559456809194
442.5,369.27986443330474,73.22013556669526,73.22013556669526
385.0,365.42191247188686,19.578087528113144,19.578087528113144
520.0,572.686126063604,-52.68612606360398,52.68612606360398
615.0,576.7826213004637,38.21737869953631,38.21737869953631
727.5,743.6586468821694,-16.158646882169364,16.158646882169364
675.0,588.2004832861339,86.79951671386607,86.79951671386607
632.5,657.4618585859791,-24.961858585979144,24.961858585979144
567.5,569.0817520387205,-1.5817520387205377,1.5817520387205377
750.0,712.6679886874161,37.33201131258386,37.33201131258386
360.0,359.35821509766396,0.6417849023360418,0.6417849023360418
352.5,414.05142596066804,-61.55142596066804,61.55142596066804
562.5,595.8620168159307,-33.3620168159307,33.3620168159307
262.5,298.16989384550544,-35.66989384550544,35.66989384550544
617.5,751.7239735445964,-134.22397354459645,134.22397354459645
300.0,455.5394625007988,-155.53946250079878,155.53946250079878
287.5,333.0368301675325,-45.536830167532514,45.536830167532514
410.0,451.19308971952034,-41.193089719520344,41.193089719520344
462.5,477.7132880028333,-15.21328800283328,15.21328800283328
312.5,291.1293436623204,21.370656337679577,21.370656337679577
357.5,385.9676884560566,-28.467688456056578,28.467688456056578
425.0,648.8847842819922,-223.8847842819922,223.8847842819922
315.0,324.950487991006,-9.950487991006014,9.950487991006014
320.0,308.632564973691,11.36743502630901,11.36743502630901
510.5,551.0400017303892,-40.540001730389235,40.540001730389235
390.0,368.90345324800103,21.09654675199897,21.09654675199897
315.0,303.0928640270156,11.907135972984406,11.907135972984406
472.5,457.7415540599104,14.758445940089587,14.758445940089587
440.0,540.8692175846694,-100.8692175846694,100.8692175846694
470.0,379.40562687223104,90.59437312776896,90.59437312776896
245.0,297.46763113645596,-52.467631136455964,52.467631136455964
302.5,293.01823399959517,9.481766000404832,9.481766000404832
652.5,734.0378690943523,-81.53786909435235,81.53786909435235
797.5,754.7697171864523,42.73028281354766,42.73028281354766
622.5,626.495236338315,-3.995236338314953,3.995236338314953
692.5,700.513550607573,-8.013550607573052,8.013550607573052
640.0,641.9381577883655,-1.9381577883655154,1.9381577883655154
557.5,580.683639311188,-23.183639311188017,23.183639311188017
495.0,542.69507565303,-47.69507565303002,47.69507565303002
595.0,656.9682463352208,-61.96824633522078,61.96824633522078
375.0,268.56450507506514,106.43549492493486,106.43549492493486
215.0,251.73250707212475,-36.73250707212475,36.73250707212475
742.5,673.4938630795938,69.00613692040622,69.00613692040622
580.0,565.1465985227729,14.853401477227067,14.853401477227067
317.5,304.8589397258438,12.641060274156189,12.641060274156189
660.0,519.7439609220575,140.25603907794255,140.25603907794255
632.5,659.8692760013676,-27.369276001367552,27.369276001367552
672.5,645.964755273243,26.535244726757014,26.535244726757014
400.0,494.5608377368315,-94.5608377368315,94.5608377368315
352.5,380.308461616622,-27.808461616622026,27.808461616622026
427.5,421.2193030708289,6.280696929171086,6.280696929171086
467.5,425.3838287578692,42.116171242130804,42.116171242130804
355.0,440.61395900427726,-85.61395900427726,85.61395900427726
685.0,671.2543494824378,13.74565051756224,13.74565051756224
380.0,306.9506329522793,73.0493670477207,73.0493670477207
692.5,660.0192241682793,32.480775831720734,32.480775831720734
550.0,583.3006040096866,-33.300604009686595,33.300604009686595
720.0,637.1836066214548,82.81639337854517,82.81639337854517
385.0,418.5098654198855,-33.5098654198855,33.5098654198855
700.0,620.1325224473791,79.86747755262093,79.86747755262093
562.5,530.4116474362852,32.08835256371481,32.08835256371481
732.5,723.1789592862551,9.321040713744878,9.321040713744878
415.0,445.7160652624291,-30.716065262429083,30.716065262429083
350.0,397.9337907802827,-47.93379078028272,47.93379078028272
452.5,439.80251420873975,12.697485791260249,12.697485791260249
420.0,380.74992151478705,39.25007848521295,39.25007848521295
450.0,492.32521393522524,-42.325213935225236,42.325213935225236
240.0,263.97486095568013,-23.97486095568013,23.97486095568013
507.5,609.5929986804995,-102.09299868049948,102.09299868049948
380.0,378.09764726791565,1.9023527320843527,1.9023527320843527
717.5,643.1138975949026,74.3861024050974,74.3861024050974
825.0,764.0483112861264,60.95168871387364,60.95168871387364
700.0,703.0832250928183,-3.0832250928183385,3.0832250928183385
227.5,247.9508039060753,-20.450803906075294,20.450803906075294
625.0,621.1636833581208,3.8363166418791934,3.8363166418791934
627.5,626.458709677431,1.0412903225690116,1.0412903225690116
627.5,662.216779050845,-34.71677905084505,34.71677905084505
695.0,701.1775728900747,-6.177572890074657,6.177572890074657
365.0,367.3129830049075,-2.312983004907494,2.312983004907494
487.5,461.37473970344735,26.125260296552653,26.125260296552653
795.0,750.609309044963,44.39069095503703,44.39069095503703
245.0,225.08927070323773,19.91072929676227,19.91072929676227
377.5,375.8195737015124,1.680426298487589,1.680426298487589
370.0,356.7475611637366,13.252438836263423,13.252438836263423
727.5,702.8818831051605,24.618116894839545,24.618116894839545
477.5,424.8870659177254,52.61293408227459,52.61293408227459
500.0,537.738007440776,-37.73800744077596,37.73800744077596
370.0,356.1424954700112,13.857504529988773,13.857504529988773
225.0,241.92700879418905,-16.92700879418905,16.92700879418905
222.5,288.00329376863374,-65.50329376863374,65.50329376863374
320.0,283.96593713099855,36.034062869001446,36.034062869001446
640.0,673.0943318490966,-33.09433184909665,33.09433184909665
435.0,421.1873809070255,13.8126190929745,13.8126190929745
725.0,684.6280481794525,40.37195182054745,40.37195182054745
332.5,398.72940730309784,-66.22940730309784,66.22940730309784
407.5,364.68865667306807,42.81134332693193,42.81134332693193
780.0,699.5569907483484,80.44300925165157,80.44300925165157
352.5,358.2636041008451,-5.7636041008451,5.7636041008451
640.0,654.4305176677624,-14.430517667762388,14.430517667762388
810.0,732.5795963939505,77.42040360604949,77.42040360604949
272.5,278.5916037038948,-6.091603703894805,6.091603703894805
642.5,562.2292235509495,80.27077644905046,80.27077644905046
717.5,668.5276012421748,48.972398757825204,48.972398757825204
642.5,662.5315463866034,-20.031546386603395,20.031546386603395
575.0,607.3341889546465,-32.33418895464649,32.33418895464649
285.0,274.4845395901687,10.515460409831292,10.515460409831292
305.0,244.4636893008351,60.536310699164886,60.536310699164886
247.5,240.68702705386954,6.812972946130458,6.812972946130458
875.0,760.9004202108663,114.09957978913371,114.09957978913371
535.0,559.5068241502881,-24.50682415028814,24.50682415028814
620.0,616.186867146286,3.8131328537140234,3.8131328537140234
525.0,448.4629685839308,76.53703141606923,76.53703141606923
892.5,802.4952728715517,90.00472712844828,90.00472712844828
807.5,773.7084346362942,33.791565363705786,33.791565363705786
650.0,720.128614947656,-70.12861494765605,70.12861494765605
680.0,688.9512201026379,-8.951220102637876,8.951220102637876
245.0,303.7630891536433,-58.76308915364331,58.76308915364331
405.0,426.51693204259954,-21.516932042599535,21.516932042599535
535.0,579.0255257507467,-44.02552575074674,44.02552575074674
530.0,606.6303113952886,-76.63031139528857,76.63031139528857
277.5,276.22944885504404,1.2705511449559594,1.2705511449559594
477.5,455.3523791475907,22.147620852409318,22.147620852409318
507.5,478.71100181035587,28.788998189644133,28.788998189644133
282.5,329.7732643279127,-47.27326432791273,47.27326432791273
510.0,540.9298261370976,-30.92982613709762,30.92982613709762
530.0,480.3171373251172,49.68286267488281,49.68286267488281
350.0,362.0343370781171,-12.034337078117119,12.034337078117119
900.0,825.5091301928288,74.49086980717118,74.49086980717118
537.5,555.8933694600128,-18.393369460012764,18.393369460012764
300.0,363.6694447841513,-63.669444784151324,63.669444784151324
702.5,753.7223261540422,-51.22232615404221,51.22232615404221
310.0,308.87538351447415,1.1246164855258485,1.1246164855258485
765.0,759.0647200384661,5.935279961533865,5.935279961533865
445.0,387.11630904470275,57.883690955297254,57.883690955297254
412.5,415.6081729665379,-3.108172966537893,3.108172966537893
600.0,569.131397138674,30.868602861326053,30.868602861326053
542.5,548.125549854904,-5.625549854903966,5.625549854903966
